StudentID,StudentName,Class,Tamil,English,Mathematics,Science,Computer,Average,Grade,Pass_Fail
STU0001,Student_1,CSE-B,49,38,70,66,63,57.2,D,Fail
STU0002,Student_2,CSE-A,48,46,89,39,38,52.0,D,Fail
STU0003,Student_3,ECE-A,62,64,99,38,60,64.6,C,Fail
STU0004,Student_4,ECE-A,63,92,70,35,55,63.0,C,Fail
STU0005,Student_5,CSE-A,78,70,54,62,78,68.4,C,Pass
STU0006,Student_6,IT-A,46,83,47,80,79,67.0,C,Pass
STU0007,Student_7,IT-A,40,93,50,83,45,62.2,C,Pass
STU0008,Student_8,IT-A,81,59,43,40,64,57.4,D,Pass
STU0009,Student_9,ECE-A,45,64,47,83,70,61.8,C,Pass
STU0010,Student_10,IT-A,81,55,82,80,61,71.8,B,Pass
STU0011,Student_11,ECE-A,44,56,66,55,94,63.0,C,Pass
STU0012,Student_12,CSE-A,69,63,76,42,64,62.8,C,Pass
STU0013,Student_13,IT-A,75,86,69,43,62,67.0,C,Pass
STU0014,Student_14,IT-A,62,98,85,93,53,78.2,B,Pass
STU0015,Student_15,IT-A,52,66,68,89,86,72.2,B,Pass
STU0016,Student_16,CSE-A,63,52,100,98,46,71.8,B,Pass
STU0017,Student_17,ECE-A,49,54,55,89,43,58.0,D,Pass
STU0018,Student_18,IT-A,83,94,67,36,49,65.8,C,Fail
STU0019,Student_19,ECE-A,78,49,72,90,55,68.8,C,Pass
STU0020,Student_20,CSE-A,35,68,99,57,99,71.6,B,Fail
STU0021,Student_21,CSE-B,73,99,60,54,82,73.6,B,Pass
STU0022,Student_22,IT-A,35,76,97,37,49,58.8,D,Fail
STU0023,Student_23,CSE-A,74,65,42,65,45,58.2,D,Pass
STU0024,Student_24,CSE-B,97,43,51,51,95,67.4,C,Pass
STU0025,Student_25,ECE-A,68,89,62,60,74,70.6,B,Pass
STU0026,Student_26,CSE-B,82,91,92,50,66,76.2,B,Pass
STU0027,Student_27,CSE-A,43,78,37,64,63,57.0,D,Fail
STU0028,Student_28,IT-A,44,42,64,43,39,46.4,F,Fail
STU0029,Student_29,CSE-B,44,100,65,70,97,75.2,B,Pass
STU0030,Student_30,CSE-B,51,95,66,95,87,78.8,B,Pass
STU0031,Student_31,ECE-A,47,47,90,80,89,70.6,B,Pass
STU0032,Student_32,IT-A,94,41,47,42,86,62.0,C,Pass
STU0033,Student_33,CSE-B,48,66,59,59,92,64.8,C,Pass
STU0034,Student_34,CSE-A,89,58,70,94,66,75.4,B,Pass
STU0035,Student_35,CSE-B,91,47,41,36,46,52.2,D,Fail
STU0036,Student_36,ECE-A,56,87,97,96,62,79.6,B,Pass
STU0037,Student_37,IT-A,42,56,83,35,84,60.0,C,Fail
STU0038,Student_38,CSE-B,93,71,89,97,54,80.8,A,Pass
STU0039,Student_39,CSE-A,72,62,42,42,75,58.6,D,Pass
STU0040,Student_40,CSE-A,41,96,99,55,42,66.6,C,Pass
STU0041,Student_41,CSE-A,58,43,43,65,86,59.0,D,Pass
STU0042,Student_42,IT-A,66,40,45,88,75,62.8,C,Pass
STU0043,Student_43,CSE-B,61,75,65,68,85,70.8,B,Pass
STU0044,Student_44,ECE-A,73,93,75,44,36,64.2,C,Fail
STU0045,Student_45,CSE-B,47,44,62,99,68,64.0,C,Pass
STU0046,Student_46,CSE-B,79,43,66,82,71,68.2,C,Pass
STU0047,Student_47,CSE-B,91,73,36,73,48,64.2,C,Fail
STU0048,Student_48,IT-A,68,49,48,54,69,57.6,D,Pass
STU0049,Student_49,ECE-A,61,78,61,68,99,73.4,B,Pass
STU0050,Student_50,CSE-A,67,41,46,89,70,62.6,C,Pass
STU0051,Student_51,ECE-A,35,77,51,68,55,57.2,D,Fail
STU0052,Student_52,CSE-A,89,36,49,44,54,54.4,D,Fail
STU0053,Student_53,IT-A,82,53,90,51,40,63.2,C,Pass
STU0054,Student_54,CSE-A,81,40,80,61,66,65.6,C,Pass
STU0055,Student_55,CSE-B,80,87,54,65,55,68.2,C,Pass
STU0056,Student_56,CSE-B,87,38,57,77,87,69.2,C,Fail
STU0057,Student_57,ECE-A,69,55,48,83,39,58.8,D,Fail
STU0058,Student_58,CSE-B,63,60,93,79,74,73.8,B,Pass
STU0059,Student_59,IT-A,63,38,59,86,77,64.6,C,Fail
STU0060,Student_60,IT-A,43,70,79,100,86,75.6,B,Pass
STU0061,Student_61,CSE-A,38,49,68,57,68,56.0,D,Fail
STU0062,Student_62,CSE-A,48,90,79,75,90,76.4,B,Pass
STU0063,Student_63,CSE-A,84,59,67,40,90,68.0,C,Pass
STU0064,Student_64,IT-A,60,81,90,43,77,70.2,B,Pass
STU0065,Student_65,IT-A,50,73,99,74,87,76.6,B,Pass
STU0066,Student_66,ECE-A,86,72,51,59,88,71.2,B,Pass
STU0067,Student_67,IT-A,57,73,86,35,73,64.8,C,Fail
STU0068,Student_68,ECE-A,61,90,76,94,91,82.4,A,Pass
STU0069,Student_69,IT-A,62,100,95,56,45,71.6,B,Pass
STU0070,Student_70,CSE-B,100,77,46,65,74,72.4,B,Pass
STU0071,Student_71,ECE-A,60,53,38,40,66,51.4,D,Fail
STU0072,Student_72,ECE-A,44,93,88,59,84,73.6,B,Pass
STU0073,Student_73,ECE-A,86,66,53,35,48,57.6,D,Fail
STU0074,Student_74,CSE-A,63,57,94,41,66,64.2,C,Pass
STU0075,Student_75,ECE-A,93,52,94,75,91,81.0,A,Pass
STU0076,Student_76,CSE-B,92,55,95,92,68,80.4,A,Pass
STU0077,Student_77,CSE-A,70,97,65,70,91,78.6,B,Pass
STU0078,Student_78,CSE-A,71,65,69,77,75,71.4,B,Pass
STU0079,Student_79,CSE-B,52,54,64,84,54,61.6,C,Pass
STU0080,Student_80,ECE-A,43,88,87,77,94,77.8,B,Pass
STU0081,Student_81,ECE-A,42,61,88,84,37,62.4,C,Fail
STU0082,Student_82,ECE-A,96,35,80,73,84,73.6,B,Fail
STU0083,Student_83,ECE-A,63,97,63,69,90,76.4,B,Pass
STU0084,Student_84,ECE-A,38,84,78,86,56,68.4,C,Fail
STU0085,Student_85,ECE-A,51,38,85,38,45,51.4,D,Fail
STU0086,Student_86,ECE-A,52,94,58,41,68,62.6,C,Pass
STU0087,Student_87,ECE-A,76,62,93,76,78,77.0,B,Pass
STU0088,Student_88,CSE-A,70,88,67,45,95,73.0,B,Pass
STU0089,Student_89,CSE-A,41,79,63,43,40,53.2,D,Pass
STU0090,Student_90,CSE-B,66,60,37,54,65,56.4,D,Fail
STU0091,Student_91,IT-A,95,49,62,94,67,73.4,B,Pass
STU0092,Student_92,CSE-A,56,49,55,74,48,56.4,D,Pass
STU0093,Student_93,CSE-B,74,83,85,60,44,69.2,C,Pass
STU0094,Student_94,ECE-A,48,73,50,40,79,58.0,D,Pass
STU0095,Student_95,ECE-A,82,43,99,78,36,67.6,C,Fail
STU0096,Student_96,CSE-B,97,48,90,81,93,81.8,A,Pass
STU0097,Student_97,ECE-A,90,57,69,96,94,81.2,A,Pass
STU0098,Student_98,ECE-A,69,76,66,46,70,65.4,C,Pass
STU0099,Student_99,ECE-A,66,94,83,78,38,71.8,B,Fail
STU0100,Student_100,IT-A,76,58,97,62,80,74.6,B,Pass
STU0101,Student_101,CSE-A,78,70,70,36,59,62.6,C,Fail
STU0102,Student_102,ECE-A,65,87,97,65,95,81.8,A,Pass
STU0103,Student_103,ECE-A,92,37,46,72,63,62.0,C,Fail
STU0104,Student_104,ECE-A,66,74,82,95,79,79.2,B,Pass
STU0105,Student_105,IT-A,77,80,93,69,74,78.6,B,Pass
STU0106,Student_106,CSE-B,64,50,59,75,50,59.6,D,Pass
STU0107,Student_107,CSE-A,59,62,96,70,71,71.6,B,Pass
STU0108,Student_108,IT-A,59,72,64,81,57,66.6,C,Pass
STU0109,Student_109,IT-A,36,51,70,40,41,47.6,F,Fail
STU0110,Student_110,ECE-A,51,97,48,36,71,60.6,C,Fail
STU0111,Student_111,IT-A,96,91,78,58,41,72.8,B,Pass
STU0112,Student_112,CSE-A,96,49,43,86,97,74.2,B,Pass
STU0113,Student_113,CSE-B,41,54,54,73,45,53.4,D,Pass
STU0114,Student_114,ECE-A,50,88,63,83,92,75.2,B,Pass
STU0115,Student_115,CSE-B,73,89,74,42,47,65.0,C,Pass
STU0116,Student_116,CSE-B,62,68,45,55,65,59.0,D,Pass
STU0117,Student_117,ECE-A,44,55,35,87,92,62.6,C,Fail
STU0118,Student_118,ECE-A,72,39,64,71,71,63.4,C,Fail
STU0119,Student_119,CSE-A,44,64,68,60,89,65.0,C,Pass
STU0120,Student_120,CSE-A,63,54,69,53,44,56.6,D,Pass
STU0121,Student_121,ECE-A,56,74,71,91,50,68.4,C,Pass
STU0122,Student_122,ECE-A,73,86,69,99,98,85.0,A,Pass
STU0123,Student_123,CSE-A,45,40,90,76,67,63.6,C,Pass
STU0124,Student_124,CSE-B,46,64,37,69,40,51.2,D,Fail
STU0125,Student_125,ECE-A,95,91,70,58,90,80.8,A,Pass
STU0126,Student_126,IT-A,46,95,79,87,77,76.8,B,Pass
STU0127,Student_127,IT-A,48,55,77,87,98,73.0,B,Pass
STU0128,Student_128,IT-A,86,39,93,46,75,67.8,C,Fail
STU0129,Student_129,ECE-A,76,49,86,100,35,69.2,C,Fail
STU0130,Student_130,ECE-A,87,41,59,81,98,73.2,B,Pass
STU0131,Student_131,ECE-A,41,61,69,51,71,58.6,D,Pass
STU0132,Student_132,IT-A,97,50,38,65,55,61.0,C,Fail
STU0133,Student_133,ECE-A,36,87,46,63,49,56.2,D,Fail
STU0134,Student_134,IT-A,50,54,98,72,100,74.8,B,Pass
STU0135,Student_135,CSE-B,88,96,95,66,93,87.6,A,Pass
STU0136,Student_136,IT-A,84,59,100,52,43,67.6,C,Pass
STU0137,Student_137,IT-A,88,78,99,69,35,73.8,B,Fail
STU0138,Student_138,IT-A,73,97,54,92,96,82.4,A,Pass
STU0139,Student_139,CSE-B,77,83,93,76,59,77.6,B,Pass
STU0140,Student_140,ECE-A,84,64,87,40,75,70.0,B,Pass
STU0141,Student_141,CSE-B,83,84,54,98,39,71.6,B,Fail
STU0142,Student_142,ECE-A,99,77,47,91,47,72.2,B,Pass
STU0143,Student_143,ECE-A,36,53,87,54,44,54.8,D,Fail
STU0144,Student_144,ECE-A,68,78,85,45,77,70.6,B,Pass
STU0145,Student_145,IT-A,75,97,39,43,65,63.8,C,Fail
STU0146,Student_146,ECE-A,64,46,90,47,47,58.8,D,Pass
STU0147,Student_147,CSE-A,56,73,38,40,76,56.6,D,Fail
STU0148,Student_148,CSE-B,72,80,82,90,53,75.4,B,Pass
STU0149,Student_149,ECE-A,87,58,56,57,45,60.6,C,Pass
STU0150,Student_150,IT-A,65,98,53,64,94,74.8,B,Pass
STU0151,Student_151,CSE-B,93,67,36,94,71,72.2,B,Fail
STU0152,Student_152,IT-A,44,91,79,73,89,75.2,B,Pass
STU0153,Student_153,CSE-A,93,73,60,84,96,81.2,A,Pass
STU0154,Student_154,CSE-A,65,83,80,72,72,74.4,B,Pass
STU0155,Student_155,IT-A,85,70,36,41,98,66.0,C,Fail
STU0156,Student_156,CSE-B,64,80,63,59,67,66.6,C,Pass
STU0157,Student_157,IT-A,47,40,74,91,39,58.2,D,Fail
STU0158,Student_158,CSE-B,51,46,72,76,88,66.6,C,Pass
STU0159,Student_159,CSE-B,60,51,81,99,69,72.0,B,Pass
STU0160,Student_160,ECE-A,67,96,72,78,49,72.4,B,Pass
STU0161,Student_161,CSE-A,44,53,63,85,81,65.2,C,Pass
STU0162,Student_162,IT-A,85,36,68,50,93,66.4,C,Fail
STU0163,Student_163,ECE-A,68,83,82,48,64,69.0,C,Pass
STU0164,Student_164,IT-A,38,76,63,43,94,62.8,C,Fail
STU0165,Student_165,IT-A,87,49,52,40,39,53.4,D,Fail
STU0166,Student_166,ECE-A,98,49,47,65,52,62.2,C,Pass
STU0167,Student_167,CSE-A,93,82,88,54,88,81.0,A,Pass
STU0168,Student_168,CSE-B,97,87,70,39,82,75.0,B,Fail
STU0169,Student_169,IT-A,91,91,65,81,47,75.0,B,Pass
STU0170,Student_170,CSE-A,80,42,85,70,59,67.2,C,Pass
STU0171,Student_171,IT-A,93,46,62,37,41,55.8,D,Fail
STU0172,Student_172,CSE-B,66,51,61,43,61,56.4,D,Pass
STU0173,Student_173,CSE-B,64,77,53,35,70,59.8,D,Fail
STU0174,Student_174,CSE-B,51,67,57,49,38,52.4,D,Fail
STU0175,Student_175,CSE-B,36,80,65,76,37,58.8,D,Fail
STU0176,Student_176,CSE-A,68,41,51,88,49,59.4,D,Pass
STU0177,Student_177,ECE-A,95,92,81,100,48,83.2,A,Pass
STU0178,Student_178,CSE-A,99,63,40,73,93,73.6,B,Pass
STU0179,Student_179,ECE-A,42,96,86,89,48,72.2,B,Pass
STU0180,Student_180,CSE-A,91,44,45,76,53,61.8,C,Pass
STU0181,Student_181,ECE-A,51,70,76,83,72,70.4,B,Pass
STU0182,Student_182,ECE-A,99,90,47,49,62,69.4,C,Pass
STU0183,Student_183,ECE-A,92,64,87,78,93,82.8,A,Pass
STU0184,Student_184,IT-A,88,47,75,89,75,74.8,B,Pass
STU0185,Student_185,CSE-A,82,54,95,43,46,64.0,C,Pass
STU0186,Student_186,CSE-A,46,90,47,82,51,63.2,C,Pass
STU0187,Student_187,CSE-A,77,50,87,80,89,76.6,B,Pass
STU0188,Student_188,CSE-B,71,74,80,48,99,74.4,B,Pass
STU0189,Student_189,IT-A,54,96,63,48,79,68.0,C,Pass
STU0190,Student_190,IT-A,49,70,63,89,38,61.8,C,Fail
STU0191,Student_191,IT-A,38,58,69,74,78,63.4,C,Fail
STU0192,Student_192,CSE-B,35,58,53,86,43,55.0,D,Fail
STU0193,Student_193,ECE-A,38,46,62,83,88,63.4,C,Fail
STU0194,Student_194,CSE-A,78,55,82,74,76,73.0,B,Pass
STU0195,Student_195,IT-A,41,54,55,41,45,47.2,F,Pass
STU0196,Student_196,IT-A,91,89,97,91,88,91.2,A+,Pass
STU0197,Student_197,CSE-A,62,100,49,79,90,76.0,B,Pass
STU0198,Student_198,ECE-A,71,97,74,40,63,69.0,C,Pass
STU0199,Student_199,CSE-B,42,35,61,73,62,54.6,D,Fail
STU0200,Student_200,ECE-A,67,72,76,50,35,60.0,C,Fail
STU0201,Student_201,IT-A,90,57,51,83,64,69.0,C,Pass
STU0202,Student_202,ECE-A,44,85,40,90,37,59.2,D,Fail
STU0203,Student_203,IT-A,44,75,89,86,88,76.4,B,Pass
STU0204,Student_204,ECE-A,49,86,37,76,56,60.8,C,Fail
STU0205,Student_205,ECE-A,81,46,90,48,66,66.2,C,Pass
STU0206,Student_206,CSE-B,86,45,85,74,78,73.6,B,Pass
STU0207,Student_207,CSE-B,77,56,44,100,49,65.2,C,Pass
STU0208,Student_208,CSE-B,79,79,53,65,48,64.8,C,Pass
STU0209,Student_209,CSE-B,67,60,57,54,44,56.4,D,Pass
STU0210,Student_210,CSE-B,98,94,92,76,75,87.0,A,Pass
STU0211,Student_211,IT-A,91,43,95,91,73,78.6,B,Pass
STU0212,Student_212,ECE-A,42,80,99,44,74,67.8,C,Pass
STU0213,Student_213,CSE-A,92,39,42,82,71,65.2,C,Fail
STU0214,Student_214,ECE-A,46,99,84,94,40,72.6,B,Pass
STU0215,Student_215,CSE-A,59,76,95,99,54,76.6,B,Pass
STU0216,Student_216,CSE-B,92,48,78,45,99,72.4,B,Pass
STU0217,Student_217,IT-A,40,66,91,91,55,68.6,C,Pass
STU0218,Student_218,CSE-A,82,71,84,87,78,80.4,A,Pass
STU0219,Student_219,IT-A,77,43,77,47,84,65.6,C,Pass
STU0220,Student_220,IT-A,67,54,77,45,53,59.2,D,Pass
STU0221,Student_221,ECE-A,74,85,51,45,74,65.8,C,Pass
STU0222,Student_222,IT-A,77,51,46,89,100,72.6,B,Pass
STU0223,Student_223,IT-A,37,81,74,58,62,62.4,C,Fail
STU0224,Student_224,CSE-A,97,59,63,52,54,65.0,C,Pass
STU0225,Student_225,CSE-B,72,47,99,39,78,67.0,C,Fail
STU0226,Student_226,ECE-A,83,54,55,58,56,61.2,C,Pass
STU0227,Student_227,IT-A,40,87,81,65,91,72.8,B,Pass
STU0228,Student_228,CSE-B,92,64,65,74,95,78.0,B,Pass
STU0229,Student_229,ECE-A,82,91,94,71,83,84.2,A,Pass
STU0230,Student_230,ECE-A,55,60,52,67,41,55.0,D,Pass
STU0231,Student_231,CSE-B,82,48,50,71,45,59.2,D,Pass
STU0232,Student_232,CSE-A,69,92,100,53,90,80.8,A,Pass
STU0233,Student_233,CSE-A,63,92,79,38,88,72.0,B,Fail
STU0234,Student_234,CSE-A,85,99,82,65,84,83.0,A,Pass
STU0235,Student_235,IT-A,82,63,38,75,47,61.0,C,Fail
STU0236,Student_236,CSE-B,53,52,39,71,95,62.0,C,Fail
STU0237,Student_237,IT-A,95,92,35,45,37,60.8,C,Fail
STU0238,Student_238,CSE-B,62,54,89,49,71,65.0,C,Pass
STU0239,Student_239,ECE-A,73,50,41,65,88,63.4,C,Pass
STU0240,Student_240,CSE-B,43,49,98,37,100,65.4,C,Fail
STU0241,Student_241,CSE-B,53,72,89,35,80,65.8,C,Fail
STU0242,Student_242,CSE-A,88,58,45,81,43,63.0,C,Pass
STU0243,Student_243,IT-A,84,95,40,84,82,77.0,B,Pass
STU0244,Student_244,CSE-A,37,80,43,79,65,60.8,C,Fail
STU0245,Student_245,CSE-B,77,52,40,80,78,65.4,C,Pass
STU0246,Student_246,ECE-A,94,96,58,52,43,68.6,C,Pass
STU0247,Student_247,CSE-A,39,72,60,40,60,54.2,D,Fail
STU0248,Student_248,IT-A,75,74,100,85,95,85.8,A,Pass
STU0249,Student_249,IT-A,39,59,71,80,41,58.0,D,Fail
STU0250,Student_250,ECE-A,69,50,82,90,86,75.4,B,Pass
STU0251,Student_251,IT-A,84,78,58,98,98,83.2,A,Pass
STU0252,Student_252,CSE-B,69,45,89,45,90,67.6,C,Pass
STU0253,Student_253,IT-A,72,76,48,45,76,63.4,C,Pass
STU0254,Student_254,IT-A,74,92,89,56,91,80.4,A,Pass
STU0255,Student_255,CSE-A,92,40,80,90,70,74.4,B,Pass
STU0256,Student_256,CSE-A,44,86,81,100,55,73.2,B,Pass
STU0257,Student_257,CSE-B,53,91,39,51,43,55.4,D,Fail
STU0258,Student_258,ECE-A,81,81,84,39,54,67.8,C,Fail
STU0259,Student_259,IT-A,82,82,91,44,52,70.2,B,Pass
STU0260,Student_260,CSE-A,85,75,70,66,49,69.0,C,Pass
STU0261,Student_261,IT-A,58,98,84,50,68,71.6,B,Pass
STU0262,Student_262,CSE-A,92,62,71,97,60,76.4,B,Pass
STU0263,Student_263,CSE-A,52,44,92,57,91,67.2,C,Pass
STU0264,Student_264,CSE-B,75,79,43,72,73,68.4,C,Pass
STU0265,Student_265,CSE-B,57,81,100,63,50,70.2,B,Pass
STU0266,Student_266,IT-A,52,65,98,38,81,66.8,C,Fail
STU0267,Student_267,ECE-A,94,51,46,43,74,61.6,C,Pass
STU0268,Student_268,IT-A,96,87,87,44,51,73.0,B,Pass
STU0269,Student_269,CSE-B,44,92,94,79,51,72.0,B,Pass
STU0270,Student_270,CSE-B,51,90,99,42,50,66.4,C,Pass
STU0271,Student_271,IT-A,73,56,55,76,63,64.6,C,Pass
STU0272,Student_272,CSE-B,71,45,67,60,70,62.6,C,Pass
STU0273,Student_273,CSE-B,73,46,99,56,54,65.6,C,Pass
STU0274,Student_274,IT-A,78,40,38,45,40,48.2,F,Fail
STU0275,Student_275,IT-A,61,88,38,98,72,71.4,B,Fail
STU0276,Student_276,CSE-A,96,66,86,73,93,82.8,A,Pass
STU0277,Student_277,ECE-A,42,55,91,88,96,74.4,B,Pass
STU0278,Student_278,IT-A,61,78,53,75,75,68.4,C,Pass
STU0279,Student_279,IT-A,86,51,82,100,48,73.4,B,Pass
STU0280,Student_280,CSE-B,65,94,50,69,92,74.0,B,Pass
STU0281,Student_281,ECE-A,53,47,41,72,84,59.4,D,Pass
STU0282,Student_282,CSE-B,66,55,76,75,59,66.2,C,Pass
STU0283,Student_283,ECE-A,98,100,94,98,74,92.8,A+,Pass
STU0284,Student_284,CSE-B,37,46,85,99,93,72.0,B,Fail
STU0285,Student_285,ECE-A,62,80,41,41,71,59.0,D,Pass
STU0286,Student_286,CSE-B,95,71,36,48,90,68.0,C,Fail
STU0287,Student_287,ECE-A,68,81,86,81,40,71.2,B,Pass
STU0288,Student_288,ECE-A,41,59,81,71,44,59.2,D,Pass
STU0289,Student_289,CSE-A,99,92,70,50,51,72.4,B,Pass
STU0290,Student_290,CSE-B,85,82,78,81,53,75.8,B,Pass
STU0291,Student_291,CSE-A,100,86,99,40,40,73.0,B,Pass
STU0292,Student_292,CSE-B,52,77,95,93,54,74.2,B,Pass
STU0293,Student_293,IT-A,76,75,55,85,73,72.8,B,Pass
STU0294,Student_294,CSE-A,99,100,97,73,95,92.8,A+,Pass
STU0295,Student_295,CSE-A,82,77,49,88,74,74.0,B,Pass
STU0296,Student_296,CSE-B,95,68,64,41,96,72.8,B,Pass
STU0297,Student_297,CSE-B,83,53,66,39,49,58.0,D,Fail
STU0298,Student_298,ECE-A,37,91,75,88,54,69.0,C,Fail
STU0299,Student_299,CSE-B,61,87,99,95,42,76.8,B,Pass
STU0300,Student_300,CSE-B,61,76,96,83,75,78.2,B,Pass
STU0301,Student_301,CSE-B,93,78,80,68,96,83.0,A,Pass
STU0302,Student_302,IT-A,66,70,73,63,73,69.0,C,Pass
STU0303,Student_303,IT-A,61,97,75,96,79,81.6,A,Pass
STU0304,Student_304,CSE-B,71,50,83,85,79,73.6,B,Pass
STU0305,Student_305,ECE-A,72,40,71,45,79,61.4,C,Pass
STU0306,Student_306,IT-A,67,96,62,60,69,70.8,B,Pass
STU0307,Student_307,CSE-B,52,48,65,66,41,54.4,D,Pass
STU0308,Student_308,ECE-A,64,41,47,87,77,63.2,C,Pass
STU0309,Student_309,ECE-A,47,52,35,55,87,55.2,D,Fail
STU0310,Student_310,CSE-A,96,60,71,76,71,74.8,B,Pass
STU0311,Student_311,CSE-B,46,64,39,57,88,58.8,D,Fail
STU0312,Student_312,CSE-A,39,85,98,58,72,70.4,B,Fail
STU0313,Student_313,ECE-A,36,73,48,77,71,61.0,C,Fail
STU0314,Student_314,CSE-B,98,52,99,94,69,82.4,A,Pass
STU0315,Student_315,CSE-B,49,77,55,93,67,68.2,C,Pass
STU0316,Student_316,ECE-A,36,78,72,59,57,60.4,C,Fail
STU0317,Student_317,CSE-A,89,100,76,46,86,79.4,B,Pass
STU0318,Student_318,CSE-A,58,52,96,76,66,69.6,C,Pass
STU0319,Student_319,IT-A,68,84,65,92,69,75.6,B,Pass
STU0320,Student_320,CSE-A,73,36,68,81,65,64.6,C,Fail
STU0321,Student_321,IT-A,50,94,74,55,86,71.8,B,Pass
STU0322,Student_322,CSE-B,50,72,82,63,63,66.0,C,Pass
STU0323,Student_323,ECE-A,96,54,93,82,88,82.6,A,Pass
STU0324,Student_324,CSE-A,62,66,45,92,81,69.2,C,Pass
STU0325,Student_325,CSE-B,49,42,99,60,54,60.8,C,Pass
STU0326,Student_326,CSE-A,76,91,49,61,97,74.8,B,Pass
STU0327,Student_327,ECE-A,100,92,42,93,51,75.6,B,Pass
STU0328,Student_328,ECE-A,93,42,94,74,37,68.0,C,Fail
STU0329,Student_329,ECE-A,67,35,62,44,40,49.6,F,Fail
STU0330,Student_330,CSE-A,79,43,42,43,95,60.4,C,Pass
STU0331,Student_331,IT-A,71,87,58,52,88,71.2,B,Pass
STU0332,Student_332,CSE-B,83,92,83,83,45,77.2,B,Pass
STU0333,Student_333,CSE-B,79,50,57,85,51,64.4,C,Pass
STU0334,Student_334,ECE-A,35,37,73,94,89,65.6,C,Fail
STU0335,Student_335,IT-A,64,66,93,79,54,71.2,B,Pass
STU0336,Student_336,CSE-B,59,49,39,88,37,54.4,D,Fail
STU0337,Student_337,CSE-A,61,43,47,39,92,56.4,D,Fail
STU0338,Student_338,CSE-B,66,40,86,91,64,69.4,C,Pass
STU0339,Student_339,IT-A,42,52,99,72,64,65.8,C,Pass
STU0340,Student_340,ECE-A,76,65,73,53,63,66.0,C,Pass
STU0341,Student_341,ECE-A,73,70,42,57,89,66.2,C,Pass
STU0342,Student_342,ECE-A,41,79,83,75,88,73.2,B,Pass
STU0343,Student_343,CSE-B,54,73,83,58,95,72.6,B,Pass
STU0344,Student_344,ECE-A,63,73,53,94,42,65.0,C,Pass
STU0345,Student_345,CSE-B,88,52,84,66,67,71.4,B,Pass
STU0346,Student_346,CSE-B,77,45,92,82,46,68.4,C,Pass
STU0347,Student_347,CSE-B,41,69,83,40,44,55.4,D,Pass
STU0348,Student_348,CSE-A,62,96,61,77,73,73.8,B,Pass
STU0349,Student_349,CSE-B,62,59,50,96,66,66.6,C,Pass
STU0350,Student_350,ECE-A,85,65,76,71,83,76.0,B,Pass
STU0351,Student_351,ECE-A,80,74,68,81,100,80.6,A,Pass
STU0352,Student_352,IT-A,94,47,95,75,61,74.4,B,Pass
STU0353,Student_353,CSE-A,75,87,40,63,53,63.6,C,Pass
STU0354,Student_354,IT-A,68,88,72,54,60,68.4,C,Pass
STU0355,Student_355,IT-A,64,83,66,98,78,77.8,B,Pass
STU0356,Student_356,CSE-B,97,97,93,56,80,84.6,A,Pass
STU0357,Student_357,CSE-A,52,97,58,42,39,57.6,D,Fail
STU0358,Student_358,CSE-A,41,35,87,52,64,55.8,D,Fail
STU0359,Student_359,IT-A,54,36,62,99,93,68.8,C,Fail
STU0360,Student_360,ECE-A,42,96,97,37,35,61.4,C,Fail
STU0361,Student_361,ECE-A,36,37,70,71,37,50.2,D,Fail
STU0362,Student_362,CSE-B,57,48,47,54,65,54.2,D,Pass
STU0363,Student_363,IT-A,67,80,69,85,45,69.2,C,Pass
STU0364,Student_364,CSE-A,86,93,66,63,73,76.2,B,Pass
STU0365,Student_365,ECE-A,39,46,86,83,83,67.4,C,Fail
STU0366,Student_366,ECE-A,42,36,56,45,98,55.4,D,Fail
STU0367,Student_367,ECE-A,77,47,40,64,62,58.0,D,Pass
STU0368,Student_368,CSE-B,69,40,44,70,39,52.4,D,Fail
STU0369,Student_369,CSE-A,75,37,61,53,85,62.2,C,Fail
STU0370,Student_370,ECE-A,73,55,65,84,77,70.8,B,Pass
STU0371,Student_371,CSE-A,52,45,99,79,41,63.2,C,Pass
STU0372,Student_372,IT-A,90,64,44,78,85,72.2,B,Pass
STU0373,Student_373,IT-A,38,69,92,97,64,72.0,B,Fail
STU0374,Student_374,IT-A,83,90,58,83,45,71.8,B,Pass
STU0375,Student_375,ECE-A,66,44,45,69,54,55.6,D,Pass
STU0376,Student_376,CSE-A,54,84,75,81,48,68.4,C,Pass
STU0377,Student_377,CSE-A,35,74,91,81,69,70.0,B,Fail
STU0378,Student_378,ECE-A,51,46,58,90,92,67.4,C,Pass
STU0379,Student_379,IT-A,48,38,46,80,46,51.6,D,Fail
STU0380,Student_380,CSE-A,84,36,72,87,84,72.6,B,Fail
STU0381,Student_381,IT-A,66,56,83,56,52,62.6,C,Pass
STU0382,Student_382,CSE-B,73,69,98,53,43,67.2,C,Pass
STU0383,Student_383,CSE-A,90,70,88,73,96,83.4,A,Pass
STU0384,Student_384,ECE-A,81,67,66,98,60,74.4,B,Pass
STU0385,Student_385,IT-A,48,52,73,35,85,58.6,D,Fail
STU0386,Student_386,CSE-B,83,77,91,77,90,83.6,A,Pass
STU0387,Student_387,CSE-B,73,76,60,96,75,76.0,B,Pass
STU0388,Student_388,IT-A,85,75,72,97,66,79.0,B,Pass
STU0389,Student_389,CSE-B,83,70,85,81,49,73.6,B,Pass
STU0390,Student_390,IT-A,58,38,94,61,91,68.4,C,Fail
STU0391,Student_391,CSE-B,43,87,98,52,73,70.6,B,Pass
STU0392,Student_392,ECE-A,67,54,89,83,44,67.4,C,Pass
STU0393,Student_393,IT-A,96,86,99,88,39,81.6,A,Fail
STU0394,Student_394,CSE-A,45,48,66,80,56,59.0,D,Pass
STU0395,Student_395,CSE-A,86,77,90,48,36,67.4,C,Fail
STU0396,Student_396,IT-A,68,63,100,63,92,77.2,B,Pass
STU0397,Student_397,CSE-A,85,94,99,54,79,82.2,A,Pass
STU0398,Student_398,CSE-A,96,48,72,88,45,69.8,C,Pass
STU0399,Student_399,CSE-B,53,79,74,78,93,75.4,B,Pass
STU0400,Student_400,ECE-A,96,79,95,47,91,81.6,A,Pass
STU0401,Student_401,CSE-A,75,43,73,40,49,56.0,D,Pass
STU0402,Student_402,CSE-B,78,48,56,66,57,61.0,C,Pass
STU0403,Student_403,CSE-B,77,89,94,64,86,82.0,A,Pass
STU0404,Student_404,ECE-A,58,90,85,38,60,66.2,C,Fail
STU0405,Student_405,IT-A,89,84,35,62,61,66.2,C,Fail
STU0406,Student_406,CSE-B,43,48,58,81,76,61.2,C,Pass
STU0407,Student_407,ECE-A,93,49,68,97,75,76.4,B,Pass
STU0408,Student_408,CSE-B,85,49,79,80,93,77.2,B,Pass
STU0409,Student_409,CSE-B,73,45,52,75,50,59.0,D,Pass
STU0410,Student_410,ECE-A,74,49,58,82,53,63.2,C,Pass
STU0411,Student_411,ECE-A,88,52,84,89,58,74.2,B,Pass
STU0412,Student_412,CSE-B,57,56,97,71,52,66.6,C,Pass
STU0413,Student_413,ECE-A,75,92,41,80,36,64.8,C,Fail
STU0414,Student_414,ECE-A,52,59,84,99,98,78.4,B,Pass
STU0415,Student_415,CSE-A,97,88,91,97,56,85.8,A,Pass
STU0416,Student_416,CSE-B,38,63,72,39,70,56.4,D,Fail
STU0417,Student_417,CSE-A,71,56,93,98,100,83.6,A,Pass
STU0418,Student_418,CSE-B,49,69,81,40,91,66.0,C,Pass
STU0419,Student_419,ECE-A,89,48,66,73,39,63.0,C,Fail
STU0420,Student_420,CSE-B,68,79,46,91,50,66.8,C,Pass
STU0421,Student_421,CSE-B,61,79,89,56,52,67.4,C,Pass
STU0422,Student_422,IT-A,61,42,79,70,56,61.6,C,Pass
STU0423,Student_423,CSE-B,72,72,69,100,47,72.0,B,Pass
STU0424,Student_424,CSE-B,87,42,70,51,51,60.2,C,Pass
STU0425,Student_425,CSE-B,53,76,66,85,97,75.4,B,Pass
STU0426,Student_426,CSE-A,69,88,83,92,44,75.2,B,Pass
STU0427,Student_427,ECE-A,86,100,70,82,93,86.2,A,Pass
STU0428,Student_428,CSE-A,76,35,46,93,80,66.0,C,Fail
STU0429,Student_429,IT-A,85,62,89,62,98,79.2,B,Pass
STU0430,Student_430,IT-A,76,71,78,51,97,74.6,B,Pass
STU0431,Student_431,CSE-A,41,40,47,93,37,51.6,D,Fail
STU0432,Student_432,CSE-B,55,91,93,35,89,72.6,B,Fail
STU0433,Student_433,IT-A,51,73,55,70,46,59.0,D,Pass
STU0434,Student_434,ECE-A,67,45,82,56,41,58.2,D,Pass
STU0435,Student_435,CSE-A,74,64,89,46,47,64.0,C,Pass
STU0436,Student_436,ECE-A,62,96,44,51,63,63.2,C,Pass
STU0437,Student_437,CSE-B,36,36,78,50,89,57.8,D,Fail
STU0438,Student_438,CSE-A,96,44,64,84,46,66.8,C,Pass
STU0439,Student_439,ECE-A,48,75,82,73,52,66.0,C,Pass
STU0440,Student_440,ECE-A,52,53,43,36,56,48.0,F,Fail
STU0441,Student_441,CSE-B,79,62,54,87,91,74.6,B,Pass
STU0442,Student_442,IT-A,46,47,52,50,84,55.8,D,Pass
STU0443,Student_443,CSE-A,89,75,52,66,70,70.4,B,Pass
STU0444,Student_444,CSE-B,66,71,38,73,61,61.8,C,Fail
STU0445,Student_445,ECE-A,85,72,41,65,98,72.2,B,Pass
STU0446,Student_446,IT-A,49,65,98,44,36,58.4,D,Fail
STU0447,Student_447,CSE-B,75,51,84,88,81,75.8,B,Pass
STU0448,Student_448,IT-A,95,44,37,43,36,51.0,D,Fail
STU0449,Student_449,IT-A,62,40,42,85,99,65.6,C,Pass
STU0450,Student_450,CSE-B,99,88,89,86,45,81.4,A,Pass
STU0451,Student_451,CSE-B,70,45,74,45,100,66.8,C,Pass
STU0452,Student_452,ECE-A,54,76,85,43,74,66.4,C,Pass
STU0453,Student_453,CSE-A,65,42,66,46,90,61.8,C,Pass
STU0454,Student_454,CSE-A,93,42,74,57,50,63.2,C,Pass
STU0455,Student_455,IT-A,52,36,55,98,79,64.0,C,Fail
STU0456,Student_456,CSE-A,56,82,51,69,50,61.6,C,Pass
STU0457,Student_457,CSE-A,77,89,69,43,68,69.2,C,Pass
STU0458,Student_458,ECE-A,98,93,100,81,42,82.8,A,Pass
STU0459,Student_459,CSE-A,56,82,55,67,48,61.6,C,Pass
STU0460,Student_460,CSE-B,64,100,35,40,36,55.0,D,Fail
STU0461,Student_461,CSE-B,40,95,81,84,54,70.8,B,Pass
STU0462,Student_462,ECE-A,39,88,63,76,66,66.4,C,Fail
STU0463,Student_463,CSE-A,75,69,44,82,50,64.0,C,Pass
STU0464,Student_464,ECE-A,57,63,40,86,43,57.8,D,Pass
STU0465,Student_465,CSE-A,71,74,76,46,93,72.0,B,Pass
STU0466,Student_466,ECE-A,82,60,72,73,66,70.6,B,Pass
STU0467,Student_467,CSE-A,82,98,60,66,54,72.0,B,Pass
STU0468,Student_468,IT-A,87,38,64,79,36,60.8,C,Fail
STU0469,Student_469,CSE-B,35,83,74,48,61,60.2,C,Fail
STU0470,Student_470,CSE-A,88,97,42,53,70,70.0,B,Pass
STU0471,Student_471,CSE-A,40,64,87,82,93,73.2,B,Pass
STU0472,Student_472,CSE-A,47,99,52,85,44,65.4,C,Pass
STU0473,Student_473,IT-A,90,51,65,72,68,69.2,C,Pass
STU0474,Student_474,CSE-B,85,76,75,92,69,79.4,B,Pass
STU0475,Student_475,CSE-A,44,60,52,48,54,51.6,D,Pass
STU0476,Student_476,CSE-A,56,92,94,75,87,80.8,A,Pass
STU0477,Student_477,IT-A,80,61,92,74,94,80.2,A,Pass
STU0478,Student_478,CSE-B,50,46,55,73,40,52.8,D,Pass
STU0479,Student_479,ECE-A,76,53,46,66,80,64.2,C,Pass
STU0480,Student_480,CSE-A,100,41,73,68,57,67.8,C,Pass
STU0481,Student_481,CSE-A,86,92,66,47,94,77.0,B,Pass
STU0482,Student_482,CSE-B,52,50,36,42,63,48.6,F,Fail
STU0483,Student_483,CSE-A,60,86,82,45,68,68.2,C,Pass
STU0484,Student_484,CSE-A,37,43,60,91,51,56.4,D,Fail
STU0485,Student_485,CSE-B,77,50,40,94,41,60.4,C,Pass
STU0486,Student_486,ECE-A,90,85,98,38,83,78.8,B,Fail
STU0487,Student_487,IT-A,57,80,62,58,70,65.4,C,Pass
STU0488,Student_488,ECE-A,92,54,39,66,72,64.6,C,Fail
STU0489,Student_489,ECE-A,87,96,42,46,70,68.2,C,Pass
STU0490,Student_490,ECE-A,52,88,60,66,37,60.6,C,Fail
STU0491,Student_491,IT-A,80,96,97,79,99,90.2,A+,Pass
STU0492,Student_492,CSE-B,84,69,58,38,75,64.8,C,Fail
STU0493,Student_493,CSE-B,38,70,42,95,80,65.0,C,Fail
STU0494,Student_494,CSE-A,55,47,66,65,69,60.4,C,Pass
STU0495,Student_495,CSE-B,63,84,80,57,57,68.2,C,Pass
STU0496,Student_496,CSE-B,75,80,38,80,53,65.2,C,Fail
STU0497,Student_497,CSE-A,98,74,57,97,39,73.0,B,Fail
STU0498,Student_498,CSE-A,42,64,63,37,96,60.4,C,Fail
STU0499,Student_499,IT-A,77,60,51,78,57,64.6,C,Pass
STU0500,Student_500,IT-A,42,37,53,53,49,46.8,F,Fail
STU0501,Student_501,IT-A,44,82,85,47,78,67.2,C,Pass
STU0502,Student_502,IT-A,76,52,55,90,97,74.0,B,Pass
STU0503,Student_503,IT-A,57,80,63,57,83,68.0,C,Pass
STU0504,Student_504,CSE-A,72,51,57,35,85,60.0,C,Fail
STU0505,Student_505,CSE-B,58,75,63,48,98,68.4,C,Pass
STU0506,Student_506,CSE-B,77,44,65,79,75,68.0,C,Pass
STU0507,Student_507,CSE-B,46,77,92,36,68,63.8,C,Fail
STU0508,Student_508,CSE-A,66,43,79,67,48,60.6,C,Pass
STU0509,Student_509,ECE-A,41,84,91,88,56,72.0,B,Pass
STU0510,Student_510,ECE-A,98,83,79,83,47,78.0,B,Pass
STU0511,Student_511,IT-A,63,55,92,44,39,58.6,D,Fail
STU0512,Student_512,IT-A,37,75,68,48,44,54.4,D,Fail
STU0513,Student_513,IT-A,56,83,55,44,46,56.8,D,Pass
STU0514,Student_514,CSE-B,96,38,90,56,90,74.0,B,Fail
STU0515,Student_515,ECE-A,41,47,77,61,59,57.0,D,Pass
STU0516,Student_516,CSE-A,68,71,73,65,47,64.8,C,Pass
STU0517,Student_517,CSE-A,85,97,54,41,81,71.6,B,Pass
STU0518,Student_518,CSE-A,89,46,72,96,60,72.6,B,Pass
STU0519,Student_519,ECE-A,38,61,56,72,45,54.4,D,Fail
STU0520,Student_520,IT-A,49,74,85,95,97,80.0,A,Pass
STU0521,Student_521,IT-A,46,84,58,82,83,70.6,B,Pass
STU0522,Student_522,ECE-A,58,92,40,68,91,69.8,C,Pass
STU0523,Student_523,CSE-A,68,63,69,42,54,59.2,D,Pass
STU0524,Student_524,ECE-A,45,79,87,64,42,63.4,C,Pass
STU0525,Student_525,CSE-A,88,95,65,95,73,83.2,A,Pass
STU0526,Student_526,ECE-A,85,39,99,53,50,65.2,C,Fail
STU0527,Student_527,CSE-A,57,56,62,59,51,57.0,D,Pass
STU0528,Student_528,IT-A,89,45,90,60,53,67.4,C,Pass
STU0529,Student_529,IT-A,75,43,46,84,85,66.6,C,Pass
STU0530,Student_530,ECE-A,70,93,36,88,49,67.2,C,Fail
STU0531,Student_531,IT-A,54,53,47,48,47,49.8,F,Pass
STU0532,Student_532,ECE-A,79,87,68,84,97,83.0,A,Pass
STU0533,Student_533,ECE-A,39,57,70,86,53,61.0,C,Fail
STU0534,Student_534,ECE-A,39,85,77,65,41,61.4,C,Fail
STU0535,Student_535,IT-A,69,82,37,78,73,67.8,C,Fail
STU0536,Student_536,IT-A,70,97,47,64,52,66.0,C,Pass
STU0537,Student_537,CSE-B,91,76,69,88,46,74.0,B,Pass
STU0538,Student_538,CSE-A,91,62,87,97,82,83.8,A,Pass
STU0539,Student_539,ECE-A,100,55,43,74,99,74.2,B,Pass
STU0540,Student_540,CSE-A,52,38,57,59,60,53.2,D,Fail
STU0541,Student_541,CSE-B,66,39,93,41,81,64.0,C,Fail
STU0542,Student_542,CSE-A,70,82,94,99,85,86.0,A,Pass
STU0543,Student_543,CSE-B,38,65,82,97,92,74.8,B,Fail
STU0544,Student_544,CSE-A,95,79,79,55,68,75.2,B,Pass
STU0545,Student_545,CSE-B,71,38,84,41,55,57.8,D,Fail
STU0546,Student_546,CSE-A,63,63,61,69,87,68.6,C,Pass
STU0547,Student_547,CSE-B,36,95,51,57,36,55.0,D,Fail
STU0548,Student_548,IT-A,67,74,70,89,83,76.6,B,Pass
STU0549,Student_549,ECE-A,93,67,62,94,73,77.8,B,Pass
STU0550,Student_550,IT-A,48,35,100,82,71,67.2,C,Fail
STU0551,Student_551,IT-A,48,96,43,78,70,67.0,C,Pass
STU0552,Student_552,CSE-B,70,68,73,59,54,64.8,C,Pass
STU0553,Student_553,ECE-A,42,86,75,52,38,58.6,D,Fail
STU0554,Student_554,CSE-A,72,68,88,86,84,79.6,B,Pass
STU0555,Student_555,IT-A,59,78,63,95,80,75.0,B,Pass
STU0556,Student_556,CSE-B,56,58,72,47,95,65.6,C,Pass
STU0557,Student_557,IT-A,68,58,77,46,63,62.4,C,Pass
STU0558,Student_558,IT-A,63,74,88,77,82,76.8,B,Pass
STU0559,Student_559,CSE-A,72,94,50,95,41,70.4,B,Pass
STU0560,Student_560,IT-A,95,59,99,50,83,77.2,B,Pass
STU0561,Student_561,IT-A,87,41,54,52,60,58.8,D,Pass
STU0562,Student_562,CSE-A,87,93,53,75,58,73.2,B,Pass
STU0563,Student_563,CSE-A,97,77,57,75,42,69.6,C,Pass
STU0564,Student_564,ECE-A,92,70,61,56,55,66.8,C,Pass
STU0565,Student_565,ECE-A,46,51,90,89,86,72.4,B,Pass
STU0566,Student_566,IT-A,96,84,35,39,60,62.8,C,Fail
STU0567,Student_567,CSE-B,36,76,59,37,35,48.6,F,Fail
STU0568,Student_568,ECE-A,63,79,74,51,48,63.0,C,Pass
STU0569,Student_569,IT-A,99,74,56,43,40,62.4,C,Pass
STU0570,Student_570,IT-A,72,93,78,90,52,77.0,B,Pass
STU0571,Student_571,CSE-A,97,80,59,56,86,75.6,B,Pass
STU0572,Student_572,CSE-B,64,63,51,62,37,55.4,D,Fail
STU0573,Student_573,CSE-A,50,81,39,83,67,64.0,C,Fail
STU0574,Student_574,ECE-A,41,48,37,41,49,43.2,F,Fail
STU0575,Student_575,CSE-B,91,83,50,67,95,77.2,B,Pass
STU0576,Student_576,IT-A,61,36,73,88,47,61.0,C,Fail
STU0577,Student_577,IT-A,52,88,48,100,50,67.6,C,Pass
STU0578,Student_578,IT-A,49,48,98,60,60,63.0,C,Pass
STU0579,Student_579,CSE-A,60,80,87,72,55,70.8,B,Pass
STU0580,Student_580,CSE-A,98,61,96,77,65,79.4,B,Pass
STU0581,Student_581,CSE-A,36,46,49,98,54,56.6,D,Fail
STU0582,Student_582,ECE-A,100,44,47,67,64,64.4,C,Pass
STU0583,Student_583,CSE-B,72,68,94,41,47,64.4,C,Pass
STU0584,Student_584,CSE-A,40,72,81,75,89,71.4,B,Pass
STU0585,Student_585,IT-A,47,40,36,52,56,46.2,F,Fail
STU0586,Student_586,IT-A,80,91,69,46,82,73.6,B,Pass
STU0587,Student_587,IT-A,58,49,86,86,93,74.4,B,Pass
STU0588,Student_588,CSE-B,84,96,88,56,49,74.6,B,Pass
STU0589,Student_589,ECE-A,42,55,48,88,96,65.8,C,Pass
STU0590,Student_590,ECE-A,58,83,80,38,51,62.0,C,Fail
STU0591,Student_591,CSE-A,97,49,87,91,40,72.8,B,Pass
STU0592,Student_592,CSE-A,68,75,36,63,78,64.0,C,Fail
STU0593,Student_593,CSE-B,90,66,96,79,84,83.0,A,Pass
STU0594,Student_594,ECE-A,41,36,55,99,95,65.2,C,Fail
STU0595,Student_595,IT-A,56,44,97,76,65,67.6,C,Pass
STU0596,Student_596,ECE-A,70,41,99,63,83,71.2,B,Pass
STU0597,Student_597,CSE-A,65,45,93,91,92,77.2,B,Pass
STU0598,Student_598,CSE-A,98,92,75,50,98,82.6,A,Pass
STU0599,Student_599,CSE-A,48,86,87,39,35,59.0,D,Fail
STU0600,Student_600,IT-A,73,100,61,93,78,81.0,A,Pass
STU0601,Student_601,IT-A,41,63,93,77,95,73.8,B,Pass
STU0602,Student_602,IT-A,92,49,47,63,35,57.2,D,Fail
STU0603,Student_603,CSE-B,80,72,82,48,40,64.4,C,Pass
STU0604,Student_604,CSE-B,98,52,87,48,67,70.4,B,Pass
STU0605,Student_605,CSE-B,59,50,85,62,93,69.8,C,Pass
STU0606,Student_606,ECE-A,78,48,88,40,50,60.8,C,Pass
STU0607,Student_607,CSE-A,93,99,52,98,35,75.4,B,Fail
STU0608,Student_608,CSE-B,90,96,100,57,57,80.0,A,Pass
STU0609,Student_609,ECE-A,48,84,76,99,84,78.2,B,Pass
STU0610,Student_610,ECE-A,66,70,85,78,72,74.2,B,Pass
STU0611,Student_611,IT-A,52,52,87,100,73,72.8,B,Pass
STU0612,Student_612,CSE-B,62,60,61,72,79,66.8,C,Pass
STU0613,Student_613,ECE-A,57,99,76,49,80,72.2,B,Pass
STU0614,Student_614,CSE-A,88,71,89,36,48,66.4,C,Fail
STU0615,Student_615,IT-A,83,53,41,42,60,55.8,D,Pass
STU0616,Student_616,IT-A,55,71,67,53,42,57.6,D,Pass
STU0617,Student_617,CSE-B,61,39,80,92,48,64.0,C,Fail
STU0618,Student_618,ECE-A,84,65,100,71,41,72.2,B,Pass
STU0619,Student_619,IT-A,84,88,75,41,36,64.8,C,Fail
STU0620,Student_620,CSE-B,60,91,63,82,60,71.2,B,Pass
STU0621,Student_621,CSE-B,72,92,57,44,58,64.6,C,Pass
STU0622,Student_622,IT-A,100,50,83,40,89,72.4,B,Pass
STU0623,Student_623,IT-A,68,51,55,67,35,55.2,D,Fail
STU0624,Student_624,CSE-A,94,54,40,54,76,63.6,C,Pass
STU0625,Student_625,CSE-B,73,97,80,44,75,73.8,B,Pass
STU0626,Student_626,ECE-A,58,43,99,55,88,68.6,C,Pass
STU0627,Student_627,IT-A,46,79,63,62,77,65.4,C,Pass
STU0628,Student_628,CSE-A,81,72,62,95,36,69.2,C,Fail
STU0629,Student_629,IT-A,79,92,65,66,40,68.4,C,Pass
STU0630,Student_630,CSE-A,83,49,84,67,71,70.8,B,Pass
STU0631,Student_631,CSE-A,82,100,100,92,97,94.2,A+,Pass
STU0632,Student_632,CSE-A,72,59,76,100,45,70.4,B,Pass
STU0633,Student_633,ECE-A,56,35,43,61,62,51.4,D,Fail
STU0634,Student_634,CSE-A,48,61,90,44,54,59.4,D,Pass
STU0635,Student_635,CSE-A,93,77,39,46,44,59.8,D,Fail
STU0636,Student_636,ECE-A,57,67,44,64,68,60.0,C,Pass
STU0637,Student_637,CSE-A,84,92,86,90,75,85.4,A,Pass
STU0638,Student_638,CSE-A,84,50,35,43,40,50.4,D,Fail
STU0639,Student_639,CSE-A,80,99,48,72,73,74.4,B,Pass
STU0640,Student_640,ECE-A,71,91,83,85,38,73.6,B,Fail
STU0641,Student_641,CSE-B,55,63,52,85,72,65.4,C,Pass
STU0642,Student_642,CSE-A,73,82,36,53,50,58.8,D,Fail
STU0643,Student_643,IT-A,35,85,45,74,61,60.0,C,Fail
STU0644,Student_644,CSE-B,62,87,100,53,55,71.4,B,Pass
STU0645,Student_645,CSE-A,63,67,59,49,58,59.2,D,Pass
STU0646,Student_646,CSE-A,94,44,72,43,67,64.0,C,Pass
STU0647,Student_647,CSE-B,60,97,77,80,51,73.0,B,Pass
STU0648,Student_648,ECE-A,47,71,43,59,75,59.0,D,Pass
STU0649,Student_649,IT-A,92,77,74,54,81,75.6,B,Pass
STU0650,Student_650,CSE-B,89,56,35,75,66,64.2,C,Fail
STU0651,Student_651,ECE-A,90,70,81,52,77,74.0,B,Pass
STU0652,Student_652,CSE-A,94,92,80,74,97,87.4,A,Pass
STU0653,Student_653,IT-A,57,45,70,52,60,56.8,D,Pass
STU0654,Student_654,ECE-A,44,44,37,99,38,52.4,D,Fail
STU0655,Student_655,IT-A,62,39,68,95,54,63.6,C,Fail
STU0656,Student_656,CSE-A,85,63,72,52,94,73.2,B,Pass
STU0657,Student_657,CSE-B,85,81,99,36,65,73.2,B,Fail
STU0658,Student_658,CSE-B,100,52,92,55,57,71.2,B,Pass
STU0659,Student_659,CSE-B,96,80,40,63,97,75.2,B,Pass
STU0660,Student_660,CSE-B,43,68,82,64,40,59.4,D,Pass
STU0661,Student_661,CSE-A,81,84,95,93,40,78.6,B,Pass
STU0662,Student_662,ECE-A,76,48,70,68,57,63.8,C,Pass
STU0663,Student_663,CSE-B,83,81,44,67,83,71.6,B,Pass
STU0664,Student_664,CSE-A,86,80,79,97,96,87.6,A,Pass
STU0665,Student_665,CSE-A,99,52,91,56,64,72.4,B,Pass
STU0666,Student_666,CSE-B,100,70,62,54,58,68.8,C,Pass
STU0667,Student_667,CSE-A,81,50,64,88,77,72.0,B,Pass
STU0668,Student_668,ECE-A,96,96,96,61,55,80.8,A,Pass
STU0669,Student_669,CSE-B,37,66,40,51,55,49.8,F,Fail
STU0670,Student_670,IT-A,100,40,53,42,56,58.2,D,Pass
STU0671,Student_671,CSE-B,58,86,37,71,45,59.4,D,Fail
STU0672,Student_672,ECE-A,92,95,96,56,63,80.4,A,Pass
STU0673,Student_673,IT-A,53,58,100,68,56,67.0,C,Pass
STU0674,Student_674,CSE-B,93,43,64,83,84,73.4,B,Pass
STU0675,Student_675,CSE-B,48,37,60,99,88,66.4,C,Fail
STU0676,Student_676,CSE-A,47,57,95,39,99,67.4,C,Fail
STU0677,Student_677,ECE-A,46,96,51,35,90,63.6,C,Fail
STU0678,Student_678,ECE-A,82,40,89,64,96,74.2,B,Pass
STU0679,Student_679,ECE-A,79,47,89,52,67,66.8,C,Pass
STU0680,Student_680,CSE-B,64,45,71,87,67,66.8,C,Pass
STU0681,Student_681,CSE-B,35,35,50,35,83,47.6,F,Fail
STU0682,Student_682,ECE-A,75,87,81,48,54,69.0,C,Pass
STU0683,Student_683,ECE-A,67,68,89,81,70,75.0,B,Pass
STU0684,Student_684,ECE-A,61,87,96,57,82,76.6,B,Pass
STU0685,Student_685,CSE-A,67,74,79,85,52,71.4,B,Pass
STU0686,Student_686,ECE-A,64,92,55,47,62,64.0,C,Pass
STU0687,Student_687,CSE-A,78,41,55,84,35,58.6,D,Fail
STU0688,Student_688,IT-A,53,95,90,46,43,65.4,C,Pass
STU0689,Student_689,ECE-A,63,82,45,39,84,62.6,C,Fail
STU0690,Student_690,CSE-A,71,42,57,98,91,71.8,B,Pass
STU0691,Student_691,CSE-B,60,71,59,39,100,65.8,C,Fail
STU0692,Student_692,CSE-B,56,39,81,65,35,55.2,D,Fail
STU0693,Student_693,ECE-A,46,70,86,80,85,73.4,B,Pass
STU0694,Student_694,IT-A,60,36,43,46,71,51.2,D,Fail
STU0695,Student_695,ECE-A,79,70,63,59,93,72.8,B,Pass
STU0696,Student_696,CSE-A,35,68,57,87,99,69.2,C,Fail
STU0697,Student_697,IT-A,44,99,72,78,49,68.4,C,Pass
STU0698,Student_698,IT-A,67,91,83,96,66,80.6,A,Pass
STU0699,Student_699,IT-A,93,93,38,96,49,73.8,B,Fail
STU0700,Student_700,ECE-A,43,83,63,64,75,65.6,C,Pass
STU0701,Student_701,CSE-A,80,36,68,66,71,64.2,C,Fail
STU0702,Student_702,IT-A,86,78,44,57,95,72.0,B,Pass
STU0703,Student_703,ECE-A,80,62,69,58,59,65.6,C,Pass
STU0704,Student_704,CSE-B,60,65,65,68,61,63.8,C,Pass
STU0705,Student_705,CSE-A,60,66,80,54,48,61.6,C,Pass
STU0706,Student_706,IT-A,45,98,35,40,96,62.8,C,Fail
STU0707,Student_707,IT-A,75,98,70,97,58,79.6,B,Pass
STU0708,Student_708,ECE-A,85,63,51,41,89,65.8,C,Pass
STU0709,Student_709,ECE-A,39,99,79,85,57,71.8,B,Fail
STU0710,Student_710,CSE-B,50,93,75,36,36,58.0,D,Fail
STU0711,Student_711,CSE-B,83,47,76,81,68,71.0,B,Pass
STU0712,Student_712,IT-A,68,65,69,95,78,75.0,B,Pass
STU0713,Student_713,IT-A,58,98,89,61,88,78.8,B,Pass
STU0714,Student_714,CSE-B,81,86,70,92,58,77.4,B,Pass
STU0715,Student_715,ECE-A,64,47,69,65,90,67.0,C,Pass
STU0716,Student_716,CSE-B,60,53,54,95,36,59.6,D,Fail
STU0717,Student_717,IT-A,88,98,52,75,97,82.0,A,Pass
STU0718,Student_718,CSE-A,67,41,85,47,55,59.0,D,Pass
STU0719,Student_719,IT-A,62,67,95,47,92,72.6,B,Pass
STU0720,Student_720,CSE-A,68,81,81,67,79,75.2,B,Pass
STU0721,Student_721,IT-A,87,50,79,60,57,66.6,C,Pass
STU0722,Student_722,CSE-A,80,76,100,97,92,89.0,A,Pass
STU0723,Student_723,IT-A,83,71,94,53,56,71.4,B,Pass
STU0724,Student_724,IT-A,88,86,44,45,55,63.6,C,Pass
STU0725,Student_725,ECE-A,64,75,75,72,69,71.0,B,Pass
STU0726,Student_726,CSE-B,69,91,81,92,87,84.0,A,Pass
STU0727,Student_727,CSE-A,58,37,51,65,67,55.6,D,Fail
STU0728,Student_728,CSE-A,61,56,85,48,47,59.4,D,Pass
STU0729,Student_729,CSE-A,95,41,38,85,45,60.8,C,Fail
STU0730,Student_730,CSE-B,68,54,45,84,74,65.0,C,Pass
STU0731,Student_731,CSE-B,66,71,91,51,51,66.0,C,Pass
STU0732,Student_732,ECE-A,38,39,80,76,95,65.6,C,Fail
STU0733,Student_733,ECE-A,69,91,52,57,93,72.4,B,Pass
STU0734,Student_734,ECE-A,74,79,96,64,46,71.8,B,Pass
STU0735,Student_735,IT-A,74,81,87,68,54,72.8,B,Pass
STU0736,Student_736,ECE-A,36,35,52,79,71,54.6,D,Fail
STU0737,Student_737,ECE-A,36,97,96,73,36,67.6,C,Fail
STU0738,Student_738,ECE-A,72,64,35,82,59,62.4,C,Fail
STU0739,Student_739,ECE-A,90,85,66,55,84,76.0,B,Pass
STU0740,Student_740,IT-A,63,68,45,89,65,66.0,C,Pass
STU0741,Student_741,CSE-B,71,69,87,59,43,65.8,C,Pass
STU0742,Student_742,IT-A,52,72,49,93,92,71.6,B,Pass
STU0743,Student_743,CSE-A,97,59,76,37,54,64.6,C,Fail
STU0744,Student_744,CSE-B,37,58,48,71,69,56.6,D,Fail
STU0745,Student_745,CSE-A,91,36,64,46,54,58.2,D,Fail
STU0746,Student_746,ECE-A,98,62,78,88,74,80.0,A,Pass
STU0747,Student_747,CSE-B,82,94,39,77,45,67.4,C,Fail
STU0748,Student_748,CSE-B,42,69,85,44,95,67.0,C,Pass
STU0749,Student_749,CSE-B,59,67,83,36,50,59.0,D,Fail
STU0750,Student_750,ECE-A,84,91,66,39,60,68.0,C,Fail
STU0751,Student_751,IT-A,47,61,95,84,74,72.2,B,Pass
STU0752,Student_752,IT-A,55,40,50,67,96,61.6,C,Pass
STU0753,Student_753,CSE-B,60,81,41,62,49,58.6,D,Pass
STU0754,Student_754,CSE-A,90,76,36,56,70,65.6,C,Fail
STU0755,Student_755,CSE-B,85,66,36,40,95,64.4,C,Fail
STU0756,Student_756,CSE-A,82,46,66,55,98,69.4,C,Pass
STU0757,Student_757,CSE-A,78,42,42,80,54,59.2,D,Pass
STU0758,Student_758,ECE-A,51,97,64,75,79,73.2,B,Pass
STU0759,Student_759,IT-A,59,37,83,80,52,62.2,C,Fail
STU0760,Student_760,CSE-B,40,97,91,72,97,79.4,B,Pass
STU0761,Student_761,CSE-B,58,79,76,94,70,75.4,B,Pass
STU0762,Student_762,IT-A,43,54,92,72,68,65.8,C,Pass
STU0763,Student_763,CSE-A,93,35,99,83,58,73.6,B,Fail
STU0764,Student_764,CSE-B,81,65,76,43,84,69.8,C,Pass
STU0765,Student_765,IT-A,98,54,71,76,87,77.2,B,Pass
STU0766,Student_766,CSE-B,49,47,43,40,51,46.0,F,Pass
STU0767,Student_767,CSE-A,39,60,48,97,59,60.6,C,Fail
STU0768,Student_768,IT-A,39,84,97,67,41,65.6,C,Fail
STU0769,Student_769,CSE-A,63,44,36,61,97,60.2,C,Fail
STU0770,Student_770,CSE-A,94,42,81,88,82,77.4,B,Pass
STU0771,Student_771,CSE-B,69,40,44,73,44,54.0,D,Pass
STU0772,Student_772,CSE-B,47,47,64,84,59,60.2,C,Pass
STU0773,Student_773,ECE-A,66,57,88,48,80,67.8,C,Pass
STU0774,Student_774,IT-A,89,48,56,58,86,67.4,C,Pass
STU0775,Student_775,IT-A,55,91,80,75,76,75.4,B,Pass
STU0776,Student_776,ECE-A,87,90,76,65,62,76.0,B,Pass
STU0777,Student_777,CSE-A,67,81,92,92,85,83.4,A,Pass
STU0778,Student_778,CSE-A,39,71,37,52,73,54.4,D,Fail
STU0779,Student_779,IT-A,73,63,62,75,37,62.0,C,Fail
STU0780,Student_780,IT-A,100,54,47,39,93,66.6,C,Fail
STU0781,Student_781,CSE-B,54,52,68,81,66,64.2,C,Pass
STU0782,Student_782,CSE-A,67,73,46,86,62,66.8,C,Pass
STU0783,Student_783,IT-A,76,96,57,97,47,74.6,B,Pass
STU0784,Student_784,IT-A,39,83,45,42,77,57.2,D,Fail
STU0785,Student_785,ECE-A,90,88,50,64,36,65.6,C,Fail
STU0786,Student_786,IT-A,41,74,40,75,54,56.8,D,Pass
STU0787,Student_787,ECE-A,99,63,54,41,85,68.4,C,Pass
STU0788,Student_788,ECE-A,99,46,63,90,72,74.0,B,Pass
STU0789,Student_789,CSE-A,53,51,78,45,95,64.4,C,Pass
STU0790,Student_790,ECE-A,86,68,45,86,99,76.8,B,Pass
STU0791,Student_791,ECE-A,51,52,96,60,97,71.2,B,Pass
STU0792,Student_792,ECE-A,60,66,66,44,69,61.0,C,Pass
STU0793,Student_793,IT-A,76,46,49,87,89,69.4,C,Pass
STU0794,Student_794,IT-A,79,59,76,79,38,66.2,C,Fail
STU0795,Student_795,CSE-A,56,79,91,53,91,74.0,B,Pass
STU0796,Student_796,CSE-A,64,60,82,54,45,61.0,C,Pass
STU0797,Student_797,IT-A,41,66,53,71,36,53.4,D,Fail
STU0798,Student_798,IT-A,49,74,92,95,37,69.4,C,Fail
STU0799,Student_799,CSE-B,61,62,61,68,96,69.6,C,Pass
STU0800,Student_800,CSE-A,37,83,40,67,56,56.6,D,Fail
STU0801,Student_801,CSE-A,71,60,69,41,94,67.0,C,Pass
STU0802,Student_802,CSE-A,43,84,69,81,48,65.0,C,Pass
STU0803,Student_803,CSE-A,72,84,64,83,100,80.6,A,Pass
STU0804,Student_804,ECE-A,75,97,46,58,60,67.2,C,Pass
STU0805,Student_805,ECE-A,37,40,66,74,77,58.8,D,Fail
STU0806,Student_806,IT-A,85,55,37,79,80,67.2,C,Fail
STU0807,Student_807,IT-A,73,65,99,70,42,69.8,C,Pass
STU0808,Student_808,IT-A,84,38,70,63,54,61.8,C,Fail
STU0809,Student_809,ECE-A,85,52,46,83,64,66.0,C,Pass
STU0810,Student_810,ECE-A,65,54,89,74,77,71.8,B,Pass
STU0811,Student_811,IT-A,51,61,52,60,52,55.2,D,Pass
STU0812,Student_812,CSE-A,52,90,53,55,75,65.0,C,Pass
STU0813,Student_813,IT-A,50,58,75,53,38,54.8,D,Fail
STU0814,Student_814,CSE-B,87,87,73,91,70,81.6,A,Pass
STU0815,Student_815,IT-A,59,48,51,58,38,50.8,D,Fail
STU0816,Student_816,CSE-A,64,64,64,38,80,62.0,C,Fail
STU0817,Student_817,CSE-B,96,52,99,95,82,84.8,A,Pass
STU0818,Student_818,CSE-B,84,97,95,52,55,76.6,B,Pass
STU0819,Student_819,ECE-A,63,39,87,36,69,58.8,D,Fail
STU0820,Student_820,ECE-A,63,60,61,43,57,56.8,D,Pass
STU0821,Student_821,ECE-A,97,76,93,66,89,84.2,A,Pass
STU0822,Student_822,CSE-A,40,83,75,85,39,64.4,C,Fail
STU0823,Student_823,CSE-A,92,93,40,66,85,75.2,B,Pass
STU0824,Student_824,ECE-A,84,41,59,72,91,69.4,C,Pass
STU0825,Student_825,IT-A,73,71,94,56,89,76.6,B,Pass
STU0826,Student_826,CSE-A,41,53,94,92,46,65.2,C,Pass
STU0827,Student_827,ECE-A,58,52,85,87,76,71.6,B,Pass
STU0828,Student_828,CSE-A,38,57,93,60,93,68.2,C,Fail
STU0829,Student_829,CSE-A,67,76,55,50,46,58.8,D,Pass
STU0830,Student_830,CSE-B,92,81,45,84,100,80.4,A,Pass
STU0831,Student_831,CSE-B,83,83,40,56,77,67.8,C,Pass
STU0832,Student_832,IT-A,55,53,57,41,88,58.8,D,Pass
STU0833,Student_833,CSE-B,74,92,71,58,50,69.0,C,Pass
STU0834,Student_834,ECE-A,60,35,67,36,93,58.2,D,Fail
STU0835,Student_835,ECE-A,98,35,98,65,62,71.6,B,Fail
STU0836,Student_836,CSE-B,93,87,91,45,35,70.2,B,Fail
STU0837,Student_837,CSE-A,70,61,41,58,53,56.6,D,Pass
STU0838,Student_838,IT-A,79,39,53,39,73,56.6,D,Fail
STU0839,Student_839,CSE-B,46,41,48,88,57,56.0,D,Pass
STU0840,Student_840,CSE-A,71,57,93,81,39,68.2,C,Fail
STU0841,Student_841,ECE-A,73,76,82,83,43,71.4,B,Pass
STU0842,Student_842,IT-A,43,72,95,52,50,62.4,C,Pass
STU0843,Student_843,CSE-A,77,87,61,61,42,65.6,C,Pass
STU0844,Student_844,IT-A,46,96,71,89,75,75.4,B,Pass
STU0845,Student_845,CSE-B,80,51,98,98,98,85.0,A,Pass
STU0846,Student_846,CSE-A,64,72,59,35,50,56.0,D,Fail
STU0847,Student_847,CSE-A,94,50,61,88,87,76.0,B,Pass
STU0848,Student_848,IT-A,77,79,62,36,60,62.8,C,Fail
STU0849,Student_849,IT-A,67,43,74,73,99,71.2,B,Pass
STU0850,Student_850,CSE-A,35,49,77,78,85,64.8,C,Fail
STU0851,Student_851,ECE-A,57,59,77,78,96,73.4,B,Pass
STU0852,Student_852,IT-A,39,52,96,54,93,66.8,C,Fail
STU0853,Student_853,CSE-A,94,87,42,73,75,74.2,B,Pass
STU0854,Student_854,IT-A,61,77,80,43,54,63.0,C,Pass
STU0855,Student_855,CSE-B,38,78,83,56,84,67.8,C,Fail
STU0856,Student_856,ECE-A,49,74,75,39,69,61.2,C,Fail
STU0857,Student_857,IT-A,46,98,65,82,92,76.6,B,Pass
STU0858,Student_858,CSE-A,62,73,57,49,82,64.6,C,Pass
STU0859,Student_859,ECE-A,60,46,91,99,38,66.8,C,Fail
STU0860,Student_860,IT-A,99,54,59,78,96,77.2,B,Pass
STU0861,Student_861,CSE-A,76,53,47,51,61,57.6,D,Pass
STU0862,Student_862,CSE-A,93,84,49,35,74,67.0,C,Fail
STU0863,Student_863,IT-A,46,77,94,40,48,61.0,C,Pass
STU0864,Student_864,CSE-B,37,74,61,76,60,61.6,C,Fail
STU0865,Student_865,IT-A,71,70,75,91,50,71.4,B,Pass
STU0866,Student_866,CSE-A,54,55,70,49,36,52.8,D,Fail
STU0867,Student_867,IT-A,61,79,75,69,53,67.4,C,Pass
STU0868,Student_868,ECE-A,66,56,44,74,78,63.6,C,Pass
STU0869,Student_869,CSE-A,41,51,38,95,41,53.2,D,Fail
STU0870,Student_870,CSE-B,84,41,46,89,85,69.0,C,Pass
STU0871,Student_871,CSE-A,92,80,74,77,60,76.6,B,Pass
STU0872,Student_872,ECE-A,94,51,46,94,47,66.4,C,Pass
STU0873,Student_873,CSE-B,74,94,95,64,63,78.0,B,Pass
STU0874,Student_874,IT-A,68,81,85,58,77,73.8,B,Pass
STU0875,Student_875,CSE-A,93,97,38,43,95,73.2,B,Fail
STU0876,Student_876,IT-A,79,96,94,56,71,79.2,B,Pass
STU0877,Student_877,IT-A,51,100,48,86,48,66.6,C,Pass
STU0878,Student_878,CSE-B,44,73,94,86,87,76.8,B,Pass
STU0879,Student_879,IT-A,66,55,96,84,43,68.8,C,Pass
STU0880,Student_880,CSE-B,61,90,90,78,65,76.8,B,Pass
STU0881,Student_881,CSE-A,44,97,49,94,76,72.0,B,Pass
STU0882,Student_882,CSE-A,91,57,74,86,43,70.2,B,Pass
STU0883,Student_883,CSE-B,83,76,98,42,46,69.0,C,Pass
STU0884,Student_884,IT-A,52,35,53,54,92,57.2,D,Fail
STU0885,Student_885,IT-A,84,92,60,61,75,74.4,B,Pass
STU0886,Student_886,ECE-A,73,90,79,46,36,64.8,C,Fail
STU0887,Student_887,CSE-A,51,72,42,82,41,57.6,D,Pass
STU0888,Student_888,ECE-A,80,49,71,38,65,60.6,C,Fail
STU0889,Student_889,ECE-A,85,75,83,86,83,82.4,A,Pass
STU0890,Student_890,ECE-A,62,57,95,52,59,65.0,C,Pass
STU0891,Student_891,CSE-B,81,88,54,71,51,69.0,C,Pass
STU0892,Student_892,ECE-A,36,44,37,53,97,53.4,D,Fail
STU0893,Student_893,ECE-A,52,45,52,88,93,66.0,C,Pass
STU0894,Student_894,ECE-A,58,93,100,89,92,86.4,A,Pass
STU0895,Student_895,ECE-A,80,63,58,89,35,65.0,C,Fail
STU0896,Student_896,CSE-A,65,99,69,87,81,80.2,A,Pass
STU0897,Student_897,CSE-A,39,96,82,49,96,72.4,B,Fail
STU0898,Student_898,CSE-B,53,70,94,45,46,61.6,C,Pass
STU0899,Student_899,CSE-A,95,44,74,41,78,66.4,C,Pass
STU0900,Student_900,ECE-A,95,93,100,95,77,92.0,A+,Pass
STU0901,Student_901,IT-A,80,72,72,56,39,63.8,C,Fail
STU0902,Student_902,IT-A,68,42,95,56,41,60.4,C,Pass
STU0903,Student_903,CSE-A,38,71,97,45,51,60.4,C,Fail
STU0904,Student_904,IT-A,70,67,51,70,70,65.6,C,Pass
STU0905,Student_905,IT-A,36,49,57,54,92,57.6,D,Fail
STU0906,Student_906,CSE-A,57,68,65,97,58,69.0,C,Pass
STU0907,Student_907,ECE-A,78,45,53,54,98,65.6,C,Pass
STU0908,Student_908,IT-A,84,65,91,56,61,71.4,B,Pass
STU0909,Student_909,ECE-A,41,68,49,41,56,51.0,D,Pass
STU0910,Student_910,ECE-A,86,95,73,95,64,82.6,A,Pass
STU0911,Student_911,CSE-A,84,95,68,53,90,78.0,B,Pass
STU0912,Student_912,CSE-A,71,92,83,75,40,72.2,B,Pass
STU0913,Student_913,IT-A,80,90,69,77,69,77.0,B,Pass
STU0914,Student_914,CSE-B,47,67,85,94,65,71.6,B,Pass
STU0915,Student_915,CSE-A,78,58,75,36,36,56.6,D,Fail
STU0916,Student_916,IT-A,36,87,47,48,92,62.0,C,Fail
STU0917,Student_917,CSE-A,63,71,67,59,39,59.8,D,Fail
STU0918,Student_918,CSE-A,46,42,62,50,50,50.0,D,Pass
STU0919,Student_919,IT-A,51,83,58,49,58,59.8,D,Pass
STU0920,Student_920,ECE-A,72,94,44,93,70,74.6,B,Pass
STU0921,Student_921,CSE-A,76,67,55,44,70,62.4,C,Pass
STU0922,Student_922,IT-A,83,84,77,42,68,70.8,B,Pass
STU0923,Student_923,ECE-A,57,91,43,97,60,69.6,C,Pass
STU0924,Student_924,CSE-B,57,97,48,53,90,69.0,C,Pass
STU0925,Student_925,CSE-A,48,91,68,48,39,58.8,D,Fail
STU0926,Student_926,CSE-B,44,67,92,37,98,67.6,C,Fail
STU0927,Student_927,IT-A,35,39,84,69,54,56.2,D,Fail
STU0928,Student_928,ECE-A,85,35,100,97,96,82.6,A,Fail
STU0929,Student_929,ECE-A,86,43,63,35,84,62.2,C,Fail
STU0930,Student_930,CSE-A,50,80,77,73,86,73.2,B,Pass
STU0931,Student_931,IT-A,46,81,78,45,93,68.6,C,Pass
STU0932,Student_932,IT-A,60,57,40,84,59,60.0,C,Pass
STU0933,Student_933,ECE-A,84,48,80,97,45,70.8,B,Pass
STU0934,Student_934,CSE-B,59,52,39,59,38,49.4,F,Fail
STU0935,Student_935,ECE-A,97,84,43,74,98,79.2,B,Pass
STU0936,Student_936,CSE-A,37,39,78,42,78,54.8,D,Fail
STU0937,Student_937,CSE-B,86,50,62,93,54,69.0,C,Pass
STU0938,Student_938,ECE-A,44,39,53,97,37,54.0,D,Fail
STU0939,Student_939,CSE-A,40,66,51,36,57,50.0,D,Fail
STU0940,Student_940,CSE-A,74,47,93,56,43,62.6,C,Pass
STU0941,Student_941,ECE-A,49,98,63,43,60,62.6,C,Pass
STU0942,Student_942,IT-A,78,86,76,50,52,68.4,C,Pass
STU0943,Student_943,CSE-A,62,40,57,77,43,55.8,D,Pass
STU0944,Student_944,CSE-B,70,53,88,56,82,69.8,C,Pass
STU0945,Student_945,ECE-A,91,66,40,52,47,59.2,D,Pass
STU0946,Student_946,CSE-A,55,37,97,45,35,53.8,D,Fail
STU0947,Student_947,CSE-B,57,46,71,88,95,71.4,B,Pass
STU0948,Student_948,CSE-B,61,53,69,92,87,72.4,B,Pass
STU0949,Student_949,IT-A,57,39,58,98,46,59.6,D,Fail
STU0950,Student_950,CSE-A,79,88,35,65,59,65.2,C,Fail
STU0951,Student_951,CSE-B,47,81,99,63,94,76.8,B,Pass
STU0952,Student_952,ECE-A,70,41,59,49,54,54.6,D,Pass
STU0953,Student_953,IT-A,98,57,55,40,41,58.2,D,Pass
STU0954,Student_954,ECE-A,71,61,90,67,77,73.2,B,Pass
STU0955,Student_955,CSE-A,40,48,41,57,55,48.2,F,Pass
STU0956,Student_956,ECE-A,97,100,49,44,65,71.0,B,Pass
STU0957,Student_957,CSE-A,76,88,60,76,64,72.8,B,Pass
STU0958,Student_958,CSE-B,76,64,47,65,87,67.8,C,Pass
STU0959,Student_959,CSE-A,83,63,44,95,97,76.4,B,Pass
STU0960,Student_960,ECE-A,90,53,62,93,57,71.0,B,Pass
STU0961,Student_961,IT-A,82,52,93,59,80,73.2,B,Pass
STU0962,Student_962,IT-A,60,77,51,39,42,53.8,D,Fail
STU0963,Student_963,CSE-B,52,49,94,93,88,75.2,B,Pass
STU0964,Student_964,CSE-B,78,63,72,55,56,64.8,C,Pass
STU0965,Student_965,ECE-A,46,87,97,62,95,77.4,B,Pass
STU0966,Student_966,IT-A,70,36,89,66,66,65.4,C,Fail
STU0967,Student_967,CSE-A,90,63,54,35,88,66.0,C,Fail
STU0968,Student_968,ECE-A,40,95,99,39,89,72.4,B,Fail
STU0969,Student_969,CSE-A,96,47,92,98,65,79.6,B,Pass
STU0970,Student_970,IT-A,36,87,62,51,80,63.2,C,Fail
STU0971,Student_971,CSE-B,65,46,37,96,74,63.6,C,Fail
STU0972,Student_972,ECE-A,93,38,93,94,52,74.0,B,Fail
STU0973,Student_973,ECE-A,58,82,94,35,44,62.6,C,Fail
STU0974,Student_974,CSE-B,77,39,72,89,69,69.2,C,Fail
STU0975,Student_975,CSE-A,45,77,42,100,81,69.0,C,Pass
STU0976,Student_976,IT-A,49,84,81,94,40,69.6,C,Pass
STU0977,Student_977,IT-A,81,57,43,61,52,58.8,D,Pass
STU0978,Student_978,IT-A,65,49,96,61,63,66.8,C,Pass
STU0979,Student_979,CSE-A,80,69,99,89,70,81.4,A,Pass
STU0980,Student_980,CSE-A,43,82,79,92,97,78.6,B,Pass
STU0981,Student_981,CSE-B,95,72,92,82,43,76.8,B,Pass
STU0982,Student_982,IT-A,93,46,45,85,57,65.2,C,Pass
STU0983,Student_983,CSE-B,44,48,56,70,49,53.4,D,Pass
STU0984,Student_984,ECE-A,98,54,61,37,72,64.4,C,Fail
STU0985,Student_985,CSE-A,51,95,79,88,91,80.8,A,Pass
STU0986,Student_986,IT-A,72,59,43,37,64,55.0,D,Fail
STU0987,Student_987,ECE-A,87,78,76,97,91,85.8,A,Pass
STU0988,Student_988,CSE-B,73,51,74,56,68,64.4,C,Pass
STU0989,Student_989,IT-A,96,82,71,41,53,68.6,C,Pass
STU0990,Student_990,CSE-B,71,93,56,55,71,69.2,C,Pass
STU0991,Student_991,CSE-A,57,54,55,65,49,56.0,D,Pass
STU0992,Student_992,CSE-B,75,51,91,68,82,73.4,B,Pass
STU0993,Student_993,IT-A,61,39,75,79,53,61.4,C,Fail
STU0994,Student_994,ECE-A,92,55,73,50,38,61.6,C,Fail
STU0995,Student_995,CSE-A,98,53,93,75,54,74.6,B,Pass
STU0996,Student_996,CSE-B,99,77,72,95,72,83.0,A,Pass
STU0997,Student_997,CSE-B,91,78,49,96,40,70.8,B,Pass
STU0998,Student_998,ECE-A,49,74,38,86,63,62.0,C,Fail
STU0999,Student_999,CSE-B,80,46,76,42,59,60.6,C,Pass
STU1000,Student_1000,CSE-A,70,60,37,45,92,60.8,C,Fail
